,Date,DXY
0,2018-01-02,91.8499984741211
1,2018-01-03,92.16000366210938
2,2018-01-04,91.8499984741211
3,2018-01-05,91.9499969482422
4,2018-01-08,92.33000183105467
5,2018-01-09,92.52999877929688
6,2018-01-10,92.33000183105467
7,2018-01-11,91.8499984741211
8,2018-01-12,90.97000122070312
9,2018-01-16,90.38999938964844
10,2018-01-17,90.54000091552734
11,2018-01-18,90.5
12,2018-01-19,90.56999969482422
13,2018-01-22,90.4000015258789
14,2018-01-23,90.12000274658205
15,2018-01-24,89.20999908447266
16,2018-01-25,89.38999938964844
17,2018-01-26,89.06999969482422
18,2018-01-29,89.30999755859375
19,2018-01-30,89.19000244140625
20,2018-01-31,89.12999725341797
21,2018-02-01,88.66999816894531
22,2018-02-02,89.19999694824219
23,2018-02-05,89.55000305175781
24,2018-02-06,89.58999633789062
25,2018-02-07,90.26000213623048
26,2018-02-08,90.2300033569336
27,2018-02-09,90.44000244140624
28,2018-02-12,90.20999908447266
29,2018-02-13,89.69999694824219
30,2018-02-14,89.12000274658203
31,2018-02-15,88.58999633789062
32,2018-02-16,89.0999984741211
33,2018-02-20,89.72000122070312
34,2018-02-21,90.08000183105467
35,2018-02-22,89.75
36,2018-02-23,89.87999725341797
37,2018-02-26,89.81999969482422
38,2018-02-27,90.36000061035156
39,2018-02-28,90.61000061035156
40,2018-03-01,90.31999969482422
41,2018-03-02,89.94000244140625
42,2018-03-05,90.08000183105467
43,2018-03-06,89.62000274658203
44,2018-03-07,89.63999938964844
45,2018-03-08,90.12000274658205
46,2018-03-09,90.08999633789062
47,2018-03-12,89.9000015258789
48,2018-03-13,89.66000366210938
49,2018-03-14,89.69999694824219
50,2018-03-15,90.13999938964844
51,2018-03-16,90.2300033569336
52,2018-03-19,89.9000015258789
53,2018-03-20,90.37000274658205
54,2018-03-21,89.77999877929688
55,2018-03-22,89.86000061035156
56,2018-03-23,89.44000244140625
57,2018-03-26,89.02999877929688
58,2018-03-27,89.37000274658203
59,2018-03-28,90.05999755859375
60,2018-03-29,90.1500015258789
61,2018-04-02,90.05000305175781
62,2018-04-03,90.1999969482422
63,2018-04-04,90.13999938964844
64,2018-04-05,90.45999908447266
65,2018-04-06,90.11000061035156
66,2018-04-09,89.83999633789062
67,2018-04-10,89.58999633789062
68,2018-04-11,89.56999969482422
69,2018-04-12,89.75
70,2018-04-13,89.80000305175781
71,2018-04-16,89.43000030517578
72,2018-04-17,89.5199966430664
73,2018-04-18,89.62000274658203
74,2018-04-19,89.94000244140625
75,2018-04-20,90.31999969482422
76,2018-04-23,90.94000244140624
77,2018-04-24,90.7699966430664
78,2018-04-25,91.16999816894533
79,2018-04-26,91.55999755859376
80,2018-04-27,91.54000091552734
81,2018-04-30,91.83999633789062
82,2018-05-01,92.4499969482422
83,2018-05-02,92.51000213623048
84,2018-05-03,92.41000366210938
85,2018-05-04,92.56999969482422
86,2018-05-07,92.75
87,2018-05-08,93.12000274658205
88,2018-05-09,93.04000091552734
89,2018-05-10,92.6500015258789
90,2018-05-11,92.54000091552734
91,2018-05-14,92.58999633789062
92,2018-05-15,93.22000122070312
93,2018-05-16,93.38999938964844
94,2018-05-17,93.47000122070312
95,2018-05-18,93.63999938964844
96,2018-05-21,93.68000030517578
97,2018-05-22,93.61000061035156
98,2018-05-23,94.01000213623048
99,2018-05-24,93.77999877929688
100,2018-05-25,94.19000244140624
101,2018-05-29,94.83000183105467
102,2018-05-30,94.1500015258789
103,2018-05-31,93.98999786376952
104,2018-06-01,94.19000244140624
105,2018-06-04,94.0199966430664
106,2018-06-05,93.88999938964844
107,2018-06-06,93.66000366210938
108,2018-06-07,93.4000015258789
109,2018-06-08,93.5500030517578
110,2018-06-11,93.58000183105467
111,2018-06-12,93.8000030517578
112,2018-06-13,93.70999908447266
113,2018-06-14,94.7699966430664
114,2018-06-15,94.79000091552734
115,2018-06-18,94.75
116,2018-06-19,95.08999633789062
117,2018-06-20,95.05999755859376
118,2018-06-21,94.87000274658205
119,2018-06-22,94.5199966430664
120,2018-06-25,94.27999877929688
121,2018-06-26,94.68000030517578
122,2018-06-27,95.29000091552734
123,2018-06-28,95.38999938964844
124,2018-06-29,94.62999725341795
125,2018-07-02,94.87000274658205
126,2018-07-03,94.58999633789062
127,2018-07-05,94.47000122070312
128,2018-07-06,94.04000091552734
129,2018-07-09,94.08000183105467
130,2018-07-10,94.11000061035156
131,2018-07-11,94.72000122070312
132,2018-07-12,94.80999755859376
133,2018-07-13,94.75
134,2018-07-16,94.51000213623048
135,2018-07-17,94.97000122070312
136,2018-07-18,95.08000183105467
137,2018-07-19,95.16999816894533
138,2018-07-20,94.45999908447266
139,2018-07-23,94.66999816894533
140,2018-07-24,94.61000061035156
141,2018-07-25,94.36000061035156
142,2018-07-26,94.75
143,2018-07-27,94.68000030517578
144,2018-07-30,94.36000061035156
145,2018-07-31,94.48999786376952
146,2018-08-01,94.62000274658205
147,2018-08-02,95.16999816894533
148,2018-08-03,95.13999938964844
149,2018-08-06,95.36000061035156
150,2018-08-07,95.22000122070312
151,2018-08-08,95.0999984741211
152,2018-08-09,95.5
153,2018-08-10,96.36000061035156
154,2018-08-13,96.38999938964844
155,2018-08-14,96.7300033569336
156,2018-08-15,96.6999969482422
157,2018-08-16,96.6500015258789
158,2018-08-17,96.0999984741211
159,2018-08-20,95.9000015258789
160,2018-08-21,95.26000213623048
161,2018-08-22,95.1500015258789
162,2018-08-23,95.62000274658205
163,2018-08-24,95.1500015258789
164,2018-08-27,94.77999877929688
165,2018-08-28,94.72000122070312
166,2018-08-29,94.5999984741211
167,2018-08-30,94.72000122070312
168,2018-08-31,95.13999938964844
169,2018-09-04,95.41999816894533
170,2018-09-05,95.12999725341795
171,2018-09-06,95.0199966430664
172,2018-09-07,95.37000274658205
173,2018-09-10,95.1500015258789
174,2018-09-11,95.05999755859376
175,2018-09-12,94.8000030517578
176,2018-09-13,94.54000091552734
177,2018-09-14,94.9800033569336
178,2018-09-17,94.51000213623048
179,2018-09-18,94.62000274658205
180,2018-09-19,94.5500030517578
181,2018-09-20,93.91000366210938
182,2018-09-21,94.22000122070312
183,2018-09-24,94.26000213623048
184,2018-09-25,94.12999725341795
185,2018-09-26,94.19000244140624
186,2018-09-27,95.0
187,2018-09-28,95.19000244140624
188,2018-10-01,95.3000030517578
189,2018-10-02,95.51000213623048
190,2018-10-03,95.76000213623048
191,2018-10-04,95.75
192,2018-10-05,95.62000274658205
193,2018-10-08,95.7699966430664
194,2018-10-09,95.68000030517578
195,2018-10-10,95.51000213623048
196,2018-10-11,95.0199966430664
197,2018-10-12,95.22000122070312
198,2018-10-15,95.06999969482422
199,2018-10-16,95.0500030517578
200,2018-10-17,95.58000183105467
201,2018-10-18,95.9000015258789
202,2018-10-19,95.70999908447266
203,2018-10-22,96.01000213623048
204,2018-10-23,95.95999908447266
205,2018-10-24,96.43000030517578
206,2018-10-25,96.68000030517578
207,2018-10-26,96.36000061035156
208,2018-10-29,96.58000183105467
209,2018-10-30,97.01000213623048
210,2018-10-31,97.12999725341795
211,2018-11-01,96.27999877929688
212,2018-11-02,96.54000091552734
213,2018-11-05,96.3499984741211
214,2018-11-06,96.31999969482422
215,2018-11-07,96.0
216,2018-11-08,96.63999938964844
217,2018-11-09,96.91000366210938
218,2018-11-12,97.54000091552734
219,2018-11-13,97.3000030517578
220,2018-11-14,96.8000030517578
221,2018-11-15,96.93000030517578
222,2018-11-16,96.47000122070312
223,2018-11-19,96.19000244140624
224,2018-11-20,96.80999755859376
225,2018-11-21,96.70999908447266
226,2018-11-23,96.91999816894533
227,2018-11-26,97.06999969482422
228,2018-11-27,97.37000274658205
229,2018-11-28,96.79000091552734
230,2018-11-29,96.77999877929688
231,2018-11-30,97.2699966430664
232,2018-12-03,97.04000091552734
233,2018-12-04,96.97000122070312
234,2018-12-06,96.80999755859376
235,2018-12-07,96.51000213623048
236,2018-12-10,97.22000122070312
237,2018-12-11,97.38999938964844
238,2018-12-12,97.04000091552734
239,2018-12-13,97.05999755859376
240,2018-12-14,97.44000244140624
241,2018-12-17,97.0999984741211
242,2018-12-18,97.13999938964844
243,2018-12-19,97.04000091552734
244,2018-12-20,96.27999877929688
245,2018-12-21,96.95999908447266
246,2018-12-24,96.5500030517578
247,2018-12-26,97.0500030517578
248,2018-12-27,96.4800033569336
249,2018-12-28,96.38999938964844
250,2018-12-31,96.16999816894533
251,2019-01-02,96.81999969482422
252,2019-01-03,96.30999755859376
253,2019-01-04,96.19000244140624
254,2019-01-07,95.70999908447266
255,2019-01-08,95.9000015258789
256,2019-01-09,95.22000122070312
257,2019-01-10,95.54000091552734
258,2019-01-11,95.66999816894533
259,2019-01-14,95.58999633789062
260,2019-01-15,95.97000122070312
261,2019-01-16,96.05999755859376
262,2019-01-17,96.06999969482422
263,2019-01-18,96.33999633789062
264,2019-01-22,96.3000030517578
265,2019-01-23,96.12000274658205
266,2019-01-24,96.5999984741211
267,2019-01-25,95.79000091552734
268,2019-01-28,95.75
269,2019-01-29,95.81999969482422
270,2019-01-30,95.33999633789062
271,2019-01-31,95.58000183105467
272,2019-02-01,95.58000183105467
273,2019-02-04,95.8499984741211
274,2019-02-05,96.0999984741211
275,2019-02-06,96.41999816894533
276,2019-02-07,96.51000213623048
277,2019-02-08,96.63999938964844
278,2019-02-11,97.05999755859376
279,2019-02-12,96.70999908447266
280,2019-02-13,97.12999725341795
281,2019-02-14,96.9800033569336
282,2019-02-15,96.91999816894533
283,2019-02-19,96.5199966430664
284,2019-02-20,96.4499969482422
285,2019-02-21,96.61000061035156
286,2019-02-22,96.51000213623048
287,2019-02-25,96.41000366210938
288,2019-02-26,96.0
289,2019-02-27,96.1500015258789
290,2019-02-28,96.16000366210938
291,2019-03-01,96.52999877929688
292,2019-03-04,96.68000030517578
293,2019-03-05,96.8499984741211
294,2019-03-06,96.87000274658205
295,2019-03-07,97.66999816894533
296,2019-03-08,97.37000274658205
297,2019-03-11,97.22000122070312
298,2019-03-12,96.94000244140624
299,2019-03-13,96.5500030517578
300,2019-03-14,96.79000091552734
301,2019-03-15,96.5999984741211
302,2019-03-18,96.5199966430664
303,2019-03-19,96.37999725341795
304,2019-03-20,95.76000213623048
305,2019-03-21,96.5
306,2019-03-22,96.6500015258789
307,2019-03-25,96.56999969482422
308,2019-03-26,96.73999786376952
309,2019-03-27,96.7699966430664
310,2019-03-28,97.1999969482422
311,2019-03-29,97.27999877929688
312,2019-04-01,97.25
313,2019-04-02,97.36000061035156
314,2019-04-03,97.08999633789062
315,2019-04-04,97.30999755859376
316,2019-04-05,97.4000015258789
317,2019-04-08,97.0500030517578
318,2019-04-09,97.01000213623048
319,2019-04-10,96.9499969482422
320,2019-04-11,97.18000030517578
321,2019-04-12,96.97000122070312
322,2019-04-15,96.94000244140624
323,2019-04-16,97.04000091552734
324,2019-04-17,97.01000213623048
325,2019-04-18,97.47000122070312
326,2019-04-22,97.27999877929688
327,2019-04-23,97.56999969482422
328,2019-04-24,98.0999984741211
329,2019-04-25,98.1999969482422
330,2019-04-26,98.01000213623048
331,2019-04-29,97.86000061035156
332,2019-04-30,97.4800033569336
333,2019-05-01,97.69000244140624
334,2019-05-02,97.83000183105467
335,2019-05-03,97.5199966430664
336,2019-05-06,97.5199966430664
337,2019-05-07,97.62999725341795
338,2019-05-08,97.62000274658205
339,2019-05-09,97.37000274658205
340,2019-05-10,97.33000183105467
341,2019-05-13,97.31999969482422
342,2019-05-14,97.52999877929688
343,2019-05-15,97.56999969482422
344,2019-05-16,97.83999633789062
345,2019-05-17,98.0
346,2019-05-20,97.93000030517578
347,2019-05-21,98.05999755859376
348,2019-05-22,98.11000061035156
349,2019-05-23,97.8499984741211
350,2019-05-24,97.61000061035156
351,2019-05-28,97.95999908447266
352,2019-05-29,98.13999938964844
353,2019-05-30,98.13999938964844
354,2019-05-31,97.75
355,2019-06-03,97.13999938964844
356,2019-06-04,97.06999969482422
357,2019-06-05,97.37000274658205
358,2019-06-06,97.02999877929688
359,2019-06-07,96.61000061035156
360,2019-06-10,96.76000213623048
361,2019-06-11,96.69000244140624
362,2019-06-12,97.0
363,2019-06-13,97.01000213623048
364,2019-06-14,97.56999969482422
365,2019-06-17,97.55999755859376
366,2019-06-18,97.63999938964844
367,2019-06-19,97.12000274658205
368,2019-06-20,96.62999725341795
369,2019-06-21,96.22000122070312
370,2019-06-24,95.9800033569336
371,2019-06-25,96.16000366210938
372,2019-06-26,96.20999908447266
373,2019-06-27,96.19000244140624
374,2019-06-28,96.12999725341795
375,2019-07-01,96.83999633789062
376,2019-07-02,96.7300033569336
377,2019-07-03,96.7699966430664
378,2019-07-05,97.25
379,2019-07-08,97.37999725341795
380,2019-07-09,97.48999786376952
381,2019-07-10,97.0999984741211
382,2019-07-11,97.0500030517578
383,2019-07-12,96.80999755859376
384,2019-07-15,96.93000030517578
385,2019-07-16,97.4000015258789
386,2019-07-17,97.22000122070312
387,2019-07-18,96.79000091552734
388,2019-07-19,97.1500015258789
389,2019-07-22,97.26000213623048
390,2019-07-23,97.70999908447266
391,2019-07-24,97.7300033569336
392,2019-07-25,97.81999969482422
393,2019-07-26,98.01000213623048
394,2019-07-29,98.04000091552734
395,2019-07-30,98.0500030517578
396,2019-07-31,98.5199966430664
397,2019-08-01,98.38999938964844
398,2019-08-02,98.0999984741211
399,2019-08-05,97.5
400,2019-08-06,97.62999725341795
401,2019-08-07,97.54000091552734
402,2019-08-08,97.62000274658205
403,2019-08-09,97.48999786376952
404,2019-08-12,97.37999725341795
405,2019-08-13,97.80999755859376
406,2019-08-14,97.98999786376952
407,2019-08-15,98.13999938964844
408,2019-08-16,98.13999938964844
409,2019-08-19,98.3499984741211
410,2019-08-20,98.19000244140624
411,2019-08-21,98.3000030517578
412,2019-08-22,98.16999816894533
413,2019-08-23,97.63999938964844
414,2019-08-26,98.08000183105467
415,2019-08-27,98.0
416,2019-08-28,98.20999908447266
417,2019-08-29,98.51000213623048
418,2019-08-30,98.91999816894533
419,2019-09-03,98.9499969482422
420,2019-09-04,98.4499969482422
421,2019-09-05,98.41000366210938
422,2019-09-06,98.38999938964844
423,2019-09-09,98.27999877929688
424,2019-09-10,98.33000183105467
425,2019-09-11,98.6500015258789
426,2019-09-12,98.30999755859376
427,2019-09-13,98.26000213623048
428,2019-09-16,98.6500015258789
429,2019-09-17,98.26000213623048
430,2019-09-18,98.5999984741211
431,2019-09-19,98.2699966430664
432,2019-09-20,98.51000213623048
433,2019-09-23,98.5999984741211
434,2019-09-24,98.33999633789062
435,2019-09-25,99.04000091552734
436,2019-09-26,99.20999908447266
437,2019-09-27,99.11000061035156
438,2019-09-30,99.37999725341795
439,2019-10-01,99.12999725341795
440,2019-10-02,99.04000091552734
441,2019-10-03,98.86000061035156
442,2019-10-04,98.80999755859376
443,2019-10-07,98.98999786376952
444,2019-10-08,99.13999938964844
445,2019-10-09,99.12000274658205
446,2019-10-10,98.70999908447266
447,2019-10-11,98.3000030517578
448,2019-10-14,98.4499969482422
449,2019-10-15,98.29000091552734
450,2019-10-16,98.01000213623048
451,2019-10-17,97.61000061035156
452,2019-10-18,97.27999877929688
453,2019-10-21,97.33000183105467
454,2019-10-22,97.52999877929688
455,2019-10-23,97.47000122070312
456,2019-10-24,97.62999725341795
457,2019-10-25,97.83000183105467
458,2019-10-28,97.76000213623048
459,2019-10-29,97.69000244140624
460,2019-10-30,97.6500015258789
461,2019-10-31,97.3499984741211
462,2019-11-01,97.23999786376952
463,2019-11-04,97.51000213623048
464,2019-11-05,97.9800033569336
465,2019-11-06,97.9499969482422
466,2019-11-07,98.13999938964844
467,2019-11-08,98.3499984741211
468,2019-11-11,98.1999969482422
469,2019-11-12,98.30999755859376
470,2019-11-13,98.37000274658205
471,2019-11-14,98.16000366210938
472,2019-11-15,98.0
473,2019-11-18,97.79000091552734
474,2019-11-19,97.86000061035156
475,2019-11-20,97.93000030517578
476,2019-11-21,97.98999786376952
477,2019-11-22,98.2699966430664
478,2019-11-25,98.31999969482422
479,2019-11-26,98.25
480,2019-11-27,98.41000366210938
481,2019-11-29,98.2699966430664
482,2019-12-02,97.86000061035156
483,2019-12-03,97.73999786376952
484,2019-12-04,97.6500015258789
485,2019-12-05,97.41000366210938
486,2019-12-06,97.6999969482422
487,2019-12-09,97.63999938964844
488,2019-12-10,97.41000366210938
489,2019-12-11,97.16000366210938
490,2019-12-12,97.4000015258789
491,2019-12-13,97.16999816894533
492,2019-12-16,97.06999969482422
493,2019-12-17,97.20999908447266
494,2019-12-18,97.41000366210938
495,2019-12-19,97.41999816894533
496,2019-12-20,97.70999908447266
497,2019-12-23,97.66000366210938
498,2019-12-24,97.6500015258789
499,2019-12-26,97.58999633789062
500,2019-12-27,96.91999816894533
501,2019-12-30,96.73999786376952
502,2019-12-31,96.38999938964844
503,2020-01-02,96.8499984741211
504,2020-01-03,96.83999633789062
505,2020-01-06,96.66999816894533
506,2020-01-07,96.9800033569336
507,2020-01-08,97.3000030517578
508,2020-01-09,97.4499969482422
509,2020-01-10,97.36000061035156
510,2020-01-13,97.3499984741211
511,2020-01-14,97.37000274658205
512,2020-01-15,97.2300033569336
513,2020-01-16,97.31999969482422
514,2020-01-17,97.61000061035156
515,2020-01-21,97.52999877929688
516,2020-01-22,97.52999877929688
517,2020-01-23,97.69000244140624
518,2020-01-24,97.8499984741211
519,2020-01-27,97.95999908447266
520,2020-01-28,98.0199966430664
521,2020-01-29,97.98999786376952
522,2020-01-30,97.87000274658205
523,2020-01-31,97.38999938964844
524,2020-02-03,97.8000030517578
525,2020-02-04,97.95999908447266
526,2020-02-05,98.2699966430664
527,2020-02-06,98.5
528,2020-02-07,98.68000030517578
529,2020-02-10,98.83000183105467
530,2020-02-11,98.72000122070312
531,2020-02-12,99.0500030517578
532,2020-02-13,99.06999969482422
533,2020-02-14,99.12000274658205
534,2020-02-18,99.45999908447266
535,2020-02-19,99.5999984741211
536,2020-02-20,99.87000274658205
537,2020-02-21,99.26000213623048
538,2020-02-24,99.29000091552734
539,2020-02-25,98.97000122070312
540,2020-02-26,99.0
541,2020-02-27,98.44000244140624
542,2020-02-28,98.12999725341795
543,2020-03-02,97.36000061035156
544,2020-03-03,97.1500015258789
545,2020-03-04,97.33999633789062
546,2020-03-05,96.81999969482422
547,2020-03-06,95.9499969482422
548,2020-03-09,94.9000015258789
549,2020-03-10,96.41000366210938
550,2020-03-11,96.51000213623048
551,2020-03-12,97.47000122070312
552,2020-03-13,98.75
553,2020-03-16,98.08999633789062
554,2020-03-17,99.58000183105467
555,2020-03-18,101.16000366210938
556,2020-03-19,102.76000213623048
557,2020-03-20,102.81999969482422
558,2020-03-23,102.48999786376952
559,2020-03-24,101.73999786376952
560,2020-03-25,101.0500030517578
561,2020-03-26,99.41999816894533
562,2020-03-27,98.37000274658205
563,2020-03-30,99.18000030517578
564,2020-03-31,99.0500030517578
565,2020-04-01,99.66999816894533
566,2020-04-02,100.18000030517578
567,2020-04-03,100.58000183105467
568,2020-04-06,100.69000244140624
569,2020-04-07,99.9800033569336
570,2020-04-08,100.12000274658205
571,2020-04-09,99.5199966430664
572,2020-04-13,99.3499984741211
573,2020-04-14,98.88999938964844
574,2020-04-15,99.45999908447266
575,2020-04-16,100.02999877929688
576,2020-04-17,99.77999877929688
577,2020-04-20,99.95999908447266
578,2020-04-21,100.26000213623048
579,2020-04-22,100.38999938964844
580,2020-04-23,100.43000030517578
581,2020-04-24,100.37999725341795
582,2020-04-27,100.04000091552734
583,2020-04-28,99.87000274658205
584,2020-04-29,99.56999969482422
585,2020-04-30,99.0199966430664
586,2020-05-01,98.8000030517578
587,2020-05-04,99.4800033569336
588,2020-05-05,99.70999908447266
589,2020-05-06,100.08999633789062
590,2020-05-07,99.88999938964844
591,2020-05-08,99.7300033569336
592,2020-05-11,100.23999786376952
593,2020-05-12,99.93000030517578
594,2020-05-13,100.23999786376952
595,2020-05-14,100.47000122070312
596,2020-05-15,100.4000015258789
597,2020-05-18,99.66999816894533
598,2020-05-19,99.37000274658205
599,2020-05-20,99.12000274658205
600,2020-05-21,99.37000274658205
601,2020-05-22,99.86000061035156
602,2020-05-26,98.91000366210938
603,2020-05-27,99.05999755859376
604,2020-05-28,98.37999725341795
605,2020-05-29,98.33999633789062
606,2020-06-01,97.83000183105467
607,2020-06-02,97.66999816894533
608,2020-06-03,97.27999877929688
609,2020-06-04,96.68000030517578
610,2020-06-05,96.94000244140624
611,2020-06-08,96.62000274658205
612,2020-06-09,96.31999969482422
613,2020-06-10,95.95999908447266
614,2020-06-11,96.7300033569336
615,2020-06-12,97.31999969482422
616,2020-06-15,96.68000030517578
617,2020-06-16,96.95999908447266
618,2020-06-17,97.16000366210938
619,2020-06-18,97.41999816894533
620,2020-06-19,97.62000274658205
621,2020-06-22,97.04000091552734
622,2020-06-23,96.69000244140624
623,2020-06-24,97.1500015258789
624,2020-06-25,97.43000030517578
625,2020-06-26,97.5
626,2020-06-29,97.54000091552734
627,2020-06-30,97.38999938964844
628,2020-07-01,97.1999969482422
629,2020-07-02,97.31999969482422
630,2020-07-06,96.79000091552734
631,2020-07-07,96.87999725341795
632,2020-07-08,96.43000030517578
633,2020-07-09,96.6999969482422
634,2020-07-10,96.6500015258789
635,2020-07-13,96.45999908447266
636,2020-07-14,96.26000213623048
637,2020-07-15,96.08000183105467
638,2020-07-16,96.3499984741211
639,2020-07-17,95.94000244140624
640,2020-07-20,95.83000183105467
641,2020-07-21,95.12000274658205
642,2020-07-22,94.97000122070312
643,2020-07-23,94.69000244140624
644,2020-07-24,94.44000244140624
645,2020-07-27,93.66999816894533
646,2020-07-28,93.76000213623048
647,2020-07-29,93.26000213623048
648,2020-07-30,93.0199966430664
649,2020-07-31,93.48999786376952
650,2020-08-03,93.5
651,2020-08-04,93.37999725341795
652,2020-08-05,92.83000183105467
653,2020-08-06,92.79000091552734
654,2020-08-07,93.44000244140624
655,2020-08-10,93.58000183105467
656,2020-08-11,93.62999725341795
657,2020-08-12,93.44000244140624
658,2020-08-13,93.33999633789062
659,2020-08-14,93.0999984741211
660,2020-08-17,92.8499984741211
661,2020-08-18,92.2699966430664
662,2020-08-19,92.88999938964844
663,2020-08-20,92.79000091552734
664,2020-08-21,93.25
665,2020-08-24,93.3000030517578
666,2020-08-25,93.0199966430664
667,2020-08-26,93.01000213623048
668,2020-08-27,93.01000213623048
669,2020-08-28,92.37000274658205
670,2020-08-31,92.13999938964844
671,2020-09-01,92.33999633789062
672,2020-09-02,92.8499984741211
673,2020-09-03,92.73999786376952
674,2020-09-04,92.72000122070312
675,2020-09-08,93.4800033569336
676,2020-09-09,93.26000213623048
677,2020-09-10,93.33999633789062
678,2020-09-11,93.33000183105467
679,2020-09-14,93.06999969482422
680,2020-09-15,93.0500030517578
681,2020-09-16,93.20999908447266
682,2020-09-17,92.97000122070312
683,2020-09-18,92.93000030517578
684,2020-09-21,93.54000091552734
685,2020-09-22,93.98999786376952
686,2020-09-23,94.38999938964844
687,2020-09-24,94.3499984741211
688,2020-09-25,94.58000183105467
689,2020-09-28,94.26000213623048
690,2020-09-29,93.88999938964844
691,2020-09-30,93.88999938964844
692,2020-10-01,93.70999908447266
693,2020-10-02,93.83999633789062
694,2020-10-05,93.51000213623048
695,2020-10-06,93.83000183105467
696,2020-10-07,93.62999725341795
697,2020-10-08,93.61000061035156
698,2020-10-09,93.05999755859376
699,2020-10-12,93.06999969482422
700,2020-10-13,93.52999877929688
701,2020-10-14,93.37999725341795
702,2020-10-15,93.86000061035156
703,2020-10-16,93.68000030517578
704,2020-10-19,93.43000030517578
705,2020-10-20,93.06999969482422
706,2020-10-21,92.61000061035156
707,2020-10-22,92.9499969482422
708,2020-10-23,92.7699966430664
709,2020-10-26,93.0500030517578
710,2020-10-27,92.94000244140624
711,2020-10-28,93.41000366210938
712,2020-10-29,93.95999908447266
713,2020-10-30,94.04000091552734
714,2020-11-02,94.0500030517578
715,2020-11-03,93.5500030517578
716,2020-11-04,93.41000366210938
717,2020-11-05,92.52999877929688
718,2020-11-06,92.2300033569336
719,2020-11-09,92.7300033569336
720,2020-11-10,92.75
721,2020-11-11,93.04000091552734
722,2020-11-12,92.95999908447266
723,2020-11-13,92.76000213623048
724,2020-11-16,92.56999969482422
725,2020-11-17,92.41999816894533
726,2020-11-18,92.31999969482422
727,2020-11-19,92.29000091552734
728,2020-11-20,92.38999938964844
729,2020-11-23,92.51000213623048
730,2020-11-24,92.2300033569336
731,2020-11-25,91.98999786376952
732,2020-11-27,91.79000091552734
733,2020-11-30,91.87000274658205
734,2020-12-01,91.30999755859376
735,2020-12-02,91.12000274658205
736,2020-12-03,90.70999908447266
737,2020-12-04,90.6999969482422
738,2020-12-07,90.79000091552734
739,2020-12-08,90.97000122070312
740,2020-12-09,91.08999633789062
741,2020-12-10,90.79000091552734
742,2020-12-11,90.9800033569336
743,2020-12-14,90.70999908447266
744,2020-12-15,90.47000122070312
745,2020-12-16,90.4499969482422
746,2020-12-17,89.81999969482422
747,2020-12-18,90.0199966430664
748,2020-12-21,90.04000091552734
749,2020-12-22,90.6500015258789
750,2020-12-23,90.41000366210938
751,2020-12-24,90.33000183105467
752,2020-12-28,90.33999633789062
753,2020-12-29,90.01000213623047
754,2020-12-30,89.62999725341797
755,2020-12-31,89.94000244140625
756,2021-01-04,89.87999725341797
757,2021-01-05,89.44000244140625
758,2021-01-06,89.52999877929688
759,2021-01-07,89.83000183105469
760,2021-01-08,90.0999984741211
761,2021-01-11,90.54000091552734
762,2021-01-12,90.05000305175781
763,2021-01-13,90.31999969482422
764,2021-01-14,90.23999786376952
765,2021-01-15,90.77999877929688
766,2021-01-19,90.5
767,2021-01-20,90.47000122070312
768,2021-01-21,90.12999725341795
769,2021-01-22,90.23999786376952
770,2021-01-25,90.38999938964844
771,2021-01-26,90.16999816894533
772,2021-01-27,90.6500015258789
773,2021-01-28,90.45999908447266
774,2021-01-29,90.58000183105467
775,2021-02-01,91.0199966430664
776,2021-02-02,91.1999969482422
777,2021-02-03,91.12000274658205
778,2021-02-04,91.52999877929688
779,2021-02-05,91.04000091552734
780,2021-02-08,90.93000030517578
781,2021-02-09,90.44000244140624
782,2021-02-10,90.37000274658205
783,2021-02-11,90.41999816894533
784,2021-02-12,90.4800033569336
785,2021-02-16,90.51000213623048
786,2021-02-17,90.9499969482422
787,2021-02-18,90.58999633789062
788,2021-02-19,90.36000061035156
789,2021-02-22,90.01000213623047
790,2021-02-23,90.16999816894533
791,2021-02-24,90.18000030517578
792,2021-02-25,90.12999725341795
793,2021-02-26,90.93000030517578
794,2021-03-01,91.04000091552734
795,2021-03-02,90.79000091552734
796,2021-03-03,90.9499969482422
797,2021-03-04,91.62999725341795
798,2021-03-05,91.9800033569336
799,2021-03-08,92.30999755859376
800,2021-03-09,91.95999908447266
801,2021-03-10,91.79000091552734
802,2021-03-11,91.41999816894533
803,2021-03-12,91.68000030517578
804,2021-03-15,91.83000183105467
805,2021-03-16,91.87000274658205
806,2021-03-17,91.4000015258789
807,2021-03-18,91.8499984741211
808,2021-03-19,91.91999816894533
809,2021-03-22,91.8000030517578
810,2021-03-23,92.33999633789062
811,2021-03-24,92.52999877929688
812,2021-03-25,92.87999725341795
813,2021-03-26,92.7699966430664
814,2021-03-29,92.94000244140624
815,2021-03-30,93.3000030517578
816,2021-03-31,93.2300033569336
817,2021-04-01,92.93000030517578
818,2021-04-05,92.5999984741211
819,2021-04-06,92.33999633789062
820,2021-04-07,92.45999908447266
821,2021-04-08,92.05999755859376
822,2021-04-09,92.16000366210938
823,2021-04-12,92.13999938964844
824,2021-04-13,91.8499984741211
825,2021-04-14,91.69000244140624
826,2021-04-15,91.66999816894533
827,2021-04-16,91.55999755859376
828,2021-04-19,91.06999969482422
829,2021-04-20,91.23999786376952
830,2021-04-21,91.16000366210938
831,2021-04-22,91.33000183105467
832,2021-04-23,90.86000061035156
833,2021-04-26,90.80999755859376
834,2021-04-27,90.91000366210938
835,2021-04-28,90.61000061035156
836,2021-04-29,90.61000061035156
837,2021-04-30,91.27999877929688
838,2021-05-03,90.9499969482422
839,2021-05-04,91.29000091552734
840,2021-05-05,91.30999755859376
841,2021-05-06,90.9499969482422
842,2021-05-07,90.2300033569336
843,2021-05-10,90.20999908447266
844,2021-05-11,90.13999938964844
845,2021-05-12,90.70999908447266
846,2021-05-13,90.75
847,2021-05-14,90.31999969482422
848,2021-05-17,90.22000122070312
849,2021-05-18,89.75
850,2021-05-19,90.19000244140624
851,2021-05-20,89.80999755859375
852,2021-05-21,90.0199966430664
853,2021-05-24,89.83000183105469
854,2021-05-25,89.63999938964844
855,2021-05-26,90.04000091552734
856,2021-05-27,89.97000122070312
857,2021-05-28,90.02999877929688
858,2021-06-01,89.83000183105469
859,2021-06-02,89.9000015258789
860,2021-06-03,90.5
861,2021-06-04,90.13999938964844
862,2021-06-07,89.94999694824219
863,2021-06-08,90.08000183105467
864,2021-06-09,90.12000274658205
865,2021-06-10,90.08000183105467
866,2021-06-11,90.55999755859376
867,2021-06-14,90.5199966430664
868,2021-06-15,90.54000091552734
869,2021-06-16,91.12999725341795
870,2021-06-17,91.88999938964844
871,2021-06-18,92.2300033569336
872,2021-06-21,91.86000061035156
873,2021-06-22,91.7300033569336
874,2021-06-23,91.8000030517578
875,2021-06-24,91.81999969482422
876,2021-06-25,91.80999755859376
877,2021-06-28,91.87999725341795
878,2021-06-29,92.0500030517578
879,2021-06-30,92.44000244140624
880,2021-07-01,92.5999984741211
881,2021-07-02,92.2300033569336
882,2021-07-06,92.5500030517578
883,2021-07-07,92.63999938964844
884,2021-07-08,92.36000061035156
885,2021-07-09,92.12999725341795
886,2021-07-12,92.2300033569336
887,2021-07-13,92.75
888,2021-07-14,92.41000366210938
889,2021-07-15,92.62000274658205
890,2021-07-16,92.69000244140624
891,2021-07-19,92.88999938964844
892,2021-07-20,92.97000122070312
893,2021-07-21,92.75
894,2021-07-22,92.81999969482422
895,2021-07-23,92.91000366210938
896,2021-07-26,92.6500015258789
897,2021-07-27,92.43000030517578
898,2021-07-28,92.31999969482422
899,2021-07-29,91.86000061035156
900,2021-07-30,92.16999816894533
901,2021-08-02,92.0500030517578
902,2021-08-03,92.08000183105467
903,2021-08-04,92.2699966430664
904,2021-08-05,92.23999786376952
905,2021-08-06,92.8000030517578
906,2021-08-09,92.9499969482422
907,2021-08-10,93.05999755859376
908,2021-08-11,92.91000366210938
909,2021-08-12,93.04000091552734
910,2021-08-13,92.5199966430664
911,2021-08-16,92.62999725341795
912,2021-08-17,93.12999725341795
913,2021-08-18,93.13999938964844
914,2021-08-19,93.56999969482422
915,2021-08-20,93.5
916,2021-08-23,92.95999908447266
917,2021-08-24,92.88999938964844
918,2021-08-25,92.83000183105467
919,2021-08-26,93.05999755859376
920,2021-08-27,92.69000244140624
921,2021-08-30,92.6500015258789
922,2021-08-31,92.62999725341795
923,2021-09-01,92.4499969482422
924,2021-09-02,92.2300033569336
925,2021-09-03,92.04000091552734
926,2021-09-07,92.5199966430664
927,2021-09-08,92.6500015258789
928,2021-09-09,92.4800033569336
929,2021-09-10,92.58000183105467
930,2021-09-13,92.62000274658205
931,2021-09-14,92.6500015258789
932,2021-09-15,92.48999786376952
933,2021-09-16,92.86000061035156
934,2021-09-17,93.1999969482422
935,2021-09-20,93.23999786376952
936,2021-09-21,93.1999969482422
937,2021-09-22,93.45999908447266
938,2021-09-23,93.0999984741211
939,2021-09-24,93.33000183105467
940,2021-09-27,93.37999725341795
941,2021-09-28,93.7699966430664
942,2021-09-29,94.33999633789062
943,2021-09-30,94.25
944,2021-10-01,94.04000091552734
945,2021-10-04,93.80999755859376
946,2021-10-05,93.9800033569336
947,2021-10-06,94.2699966430664
948,2021-10-07,94.22000122070312
949,2021-10-08,94.06999969482422
950,2021-10-11,94.31999969482422
951,2021-10-12,94.5199966430664
952,2021-10-13,94.08000183105467
953,2021-10-14,93.95999908447266
954,2021-10-15,93.94000244140624
955,2021-10-18,93.9499969482422
956,2021-10-19,93.79000091552734
957,2021-10-20,93.55999755859376
958,2021-10-21,93.7699966430664
959,2021-10-22,93.61000061035156
960,2021-10-25,93.80999755859376
961,2021-10-26,93.9499969482422
962,2021-10-27,93.86000061035156
963,2021-10-28,93.3499984741211
964,2021-10-29,94.12000274658205
965,2021-11-01,93.87999725341795
966,2021-11-02,94.08999633789062
967,2021-11-03,93.86000061035156
968,2021-11-04,94.3499984741211
969,2021-11-05,94.31999969482422
970,2021-11-08,94.0500030517578
971,2021-11-09,93.95999908447266
972,2021-11-10,94.8499984741211
973,2021-11-11,95.18000030517578
974,2021-11-12,95.12999725341795
975,2021-11-15,95.41000366210938
976,2021-11-16,95.91999816894533
977,2021-11-17,95.83000183105467
978,2021-11-18,95.54000091552734
979,2021-11-19,96.06999969482422
980,2021-11-22,96.5
981,2021-11-23,96.48999786376952
982,2021-11-24,96.83999633789062
983,2021-11-26,96.08999633789062
984,2021-11-29,96.33999633789062
985,2021-11-30,95.98999786376952
986,2021-12-01,96.0500030517578
987,2021-12-02,96.12999725341795
988,2021-12-03,96.12000274658205
989,2021-12-06,96.29000091552734
990,2021-12-07,96.37000274658205
991,2021-12-08,95.88999938964844
992,2021-12-09,96.2699966430664
993,2021-12-10,96.0500030517578
994,2021-12-13,96.31999969482422
995,2021-12-14,96.56999969482422
996,2021-12-15,96.51000213623048
997,2021-12-16,96.04000091552734
998,2021-12-17,96.56999969482422
999,2021-12-20,96.5500030517578
1000,2021-12-21,96.48999786376952
1001,2021-12-22,96.08000183105467
1002,2021-12-23,96.0199966430664
1003,2021-12-27,96.08999633789062
1004,2021-12-28,96.1999969482422
1005,2021-12-29,95.93000030517578
1006,2021-12-30,95.97000122070312
1007,2021-12-31,95.66999816894533
1008,2022-01-03,96.23999786376952
1009,2022-01-04,96.29000091552734
1010,2022-01-05,96.19000244140624
1011,2022-01-06,96.25
1012,2022-01-07,95.73999786376952
1013,2022-01-10,95.98999786376952
1014,2022-01-11,95.62000274658205
1015,2022-01-12,95.0
1016,2022-01-13,94.79000091552734
1017,2022-01-14,95.16999816894533
1018,2022-01-18,95.7300033569336
1019,2022-01-19,95.51000213623048
1020,2022-01-20,95.73999786376952
1021,2022-01-21,95.63999938964844
1022,2022-01-24,95.91999816894533
1023,2022-01-25,95.9499969482422
1024,2022-01-26,96.48999786376952
1025,2022-01-27,97.26000213623048
1026,2022-01-28,97.2699966430664
1027,2022-01-31,96.54000091552734
1028,2022-02-01,96.38999938964844
1029,2022-02-02,95.94000244140624
1030,2022-02-03,95.37999725341795
1031,2022-02-04,95.4800033569336
1032,2022-02-07,95.4000015258789
1033,2022-02-08,95.63999938964844
1034,2022-02-09,95.48999786376952
1035,2022-02-10,95.5500030517578
1036,2022-02-11,96.08000183105467
1037,2022-02-14,96.37000274658205
1038,2022-02-15,95.98999786376952
1039,2022-02-16,95.6999969482422
1040,2022-02-17,95.8000030517578
1041,2022-02-18,96.04000091552734
1042,2022-02-22,96.02999877929688
1043,2022-02-23,96.19000244140624
1044,2022-02-24,97.13999938964844
1045,2022-02-25,96.62000274658205
1046,2022-02-28,96.70999908447266
1047,2022-03-01,97.41000366210938
1048,2022-03-02,97.38999938964844
1049,2022-03-03,97.79000091552734
1050,2022-03-04,98.6500015258789
1051,2022-03-07,99.29000091552734
1052,2022-03-08,99.05999755859376
1053,2022-03-09,97.97000122070312
1054,2022-03-10,98.51000213623048
1055,2022-03-11,99.12000274658205
1056,2022-03-14,99.05999755859376
1057,2022-03-15,99.06999969482422
1058,2022-03-16,98.37999725341795
1059,2022-03-17,98.01000213623048
1060,2022-03-18,98.2300033569336
1061,2022-03-21,98.5
1062,2022-03-22,98.48999786376952
1063,2022-03-23,98.62000274658205
1064,2022-03-24,98.79000091552734
1065,2022-03-25,98.80999755859376
1066,2022-03-28,99.08999633789062
1067,2022-03-29,98.4000015258789
1068,2022-03-30,97.79000091552734
1069,2022-03-31,98.30999755859376
1070,2022-04-01,98.62999725341795
1071,2022-04-04,98.98999786376952
1072,2022-04-05,99.47000122070312
1073,2022-04-06,99.5999984741211
1074,2022-04-07,99.75
1075,2022-04-08,99.8000030517578
1076,2022-04-11,99.93000030517578
1077,2022-04-12,100.29000091552734
1078,2022-04-13,99.87999725341795
1079,2022-04-14,100.31999969482422
1080,2022-04-18,100.77999877929688
1081,2022-04-19,100.95999908447266
1082,2022-04-20,100.38999938964844
1083,2022-04-21,100.58000183105467
1084,2022-04-22,101.22000122070312
1085,2022-04-25,101.75
1086,2022-04-26,102.3000030517578
1087,2022-04-27,102.9499969482422
1088,2022-04-28,103.62000274658205
1089,2022-04-29,102.95999908447266
1090,2022-05-02,103.73999786376952
1091,2022-05-03,103.47000122070312
1092,2022-05-04,102.58999633789062
1093,2022-05-05,103.75
1094,2022-05-06,103.66000366210938
1095,2022-05-09,103.6500015258789
1096,2022-05-10,103.91999816894533
1097,2022-05-11,103.8499984741211
1098,2022-05-12,104.8499984741211
1099,2022-05-13,104.55999755859376
1100,2022-05-16,104.19000244140624
1101,2022-05-17,103.36000061035156
1102,2022-05-18,103.80999755859376
1103,2022-05-19,102.72000122070312
1104,2022-05-20,103.1500015258789
1105,2022-05-23,102.08000183105467
1106,2022-05-24,101.86000061035156
1107,2022-05-25,102.05999755859376
1108,2022-05-26,101.83000183105467
1109,2022-05-27,101.66999816894533
1110,2022-05-31,101.75
1111,2022-06-01,102.5500030517578
1112,2022-06-02,101.7699966430664
1113,2022-06-03,102.13999938964844
1114,2022-06-06,102.44000244140624
1115,2022-06-07,102.31999969482422
1116,2022-06-08,102.54000091552734
1117,2022-06-09,103.22000122070312
1118,2022-06-10,104.1500015258789
1119,2022-06-13,105.08000183105467
1120,2022-06-14,105.5199966430664
1121,2022-06-15,105.16000366210938
1122,2022-06-16,103.62999725341795
1123,2022-06-17,104.6999969482422
1124,2022-06-21,104.44000244140624
1125,2022-06-22,104.1999969482422
1126,2022-06-23,104.43000030517578
1127,2022-06-24,104.19000244140624
1128,2022-06-27,103.94000244140624
1129,2022-06-28,104.51000213623048
1130,2022-06-29,105.11000061035156
1131,2022-06-30,104.69000244140624
1132,2022-07-01,105.13999938964844
1133,2022-07-05,106.5
1134,2022-07-06,107.0999984741211
1135,2022-07-07,107.12999725341795
1136,2022-07-08,107.01000213623048
1137,2022-07-11,108.0199966430664
1138,2022-07-12,108.06999969482422
1139,2022-07-13,107.95999908447266
1140,2022-07-14,108.54000091552734
1141,2022-07-15,108.05999755859376
1142,2022-07-18,107.37000274658205
1143,2022-07-19,106.68000030517578
1144,2022-07-20,107.08000183105467
1145,2022-07-21,106.91000366210938
1146,2022-07-22,106.7300033569336
1147,2022-07-25,106.4800033569336
1148,2022-07-26,107.19000244140624
1149,2022-07-27,106.4499969482422
1150,2022-07-28,106.3499984741211
1151,2022-07-29,105.9000015258789
1152,2022-08-01,105.4499969482422
1153,2022-08-02,106.23999786376952
1154,2022-08-03,106.51000213623048
1155,2022-08-04,105.69000244140624
1156,2022-08-05,106.62000274658205
1157,2022-08-08,106.44000244140624
1158,2022-08-09,106.37000274658205
1159,2022-08-10,105.1999969482422
1160,2022-08-11,105.08999633789062
1161,2022-08-12,105.62999725341795
1162,2022-08-15,106.5500030517578
1163,2022-08-16,106.5
1164,2022-08-17,106.56999969482422
1165,2022-08-18,107.4800033569336
1166,2022-08-19,108.16999816894533
1167,2022-08-22,109.0500030517578
1168,2022-08-23,108.62000274658205
1169,2022-08-24,108.68000030517578
1170,2022-08-25,108.47000122070312
1171,2022-08-26,108.8000030517578
1172,2022-08-29,108.83999633789062
1173,2022-08-30,108.7699966430664
1174,2022-08-31,108.6999969482422
1175,2022-09-01,109.69000244140624
1176,2022-09-02,109.52999877929688
1177,2022-09-06,110.20999908447266
1178,2022-09-07,109.83999633789062
1179,2022-09-08,109.70999908447266
1180,2022-09-09,109.0
1181,2022-09-12,108.33000183105467
1182,2022-09-13,109.81999969482422
1183,2022-09-14,109.66000366210938
1184,2022-09-15,109.73999786376952
1185,2022-09-16,109.76000213623048
1186,2022-09-19,109.73999786376952
1187,2022-09-20,110.22000122070312
1188,2022-09-21,110.63999938964844
1189,2022-09-22,111.3499984741211
1190,2022-09-23,113.19000244140624
1191,2022-09-26,114.0999984741211
1192,2022-09-27,114.11000061035156
1193,2022-09-28,112.5999984741211
1194,2022-09-29,112.25
1195,2022-09-30,112.12000274658205
1196,2022-10-03,111.75
1197,2022-10-04,110.06999969482422
1198,2022-10-05,111.06999969482422
1199,2022-10-06,112.26000213623048
1200,2022-10-07,112.8000030517578
1201,2022-10-10,113.13999938964844
1202,2022-10-11,113.22000122070312
1203,2022-10-12,113.31999969482422
1204,2022-10-13,112.36000061035156
1205,2022-10-14,113.30999755859376
1206,2022-10-17,112.04000091552734
1207,2022-10-18,112.12999725341795
1208,2022-10-19,112.9800033569336
1209,2022-10-20,112.87999725341795
1210,2022-10-21,112.01000213623048
1211,2022-10-24,111.98999786376952
1212,2022-10-25,110.9499969482422
1213,2022-10-26,109.6999969482422
1214,2022-10-27,110.58999633789062
1215,2022-10-28,110.66999816894533
1216,2022-10-31,111.52999877929688
1217,2022-11-01,111.4800033569336
1218,2022-11-02,111.3499984741211
1219,2022-11-03,112.93000030517578
1220,2022-11-04,110.87999725341795
1221,2022-11-07,110.12000274658205
1222,2022-11-08,109.62000274658205
1223,2022-11-09,110.5500030517578
1224,2022-11-10,108.20999908447266
1225,2022-11-11,106.29000091552734
1226,2022-11-14,106.66000366210938
1227,2022-11-15,106.4000015258789
1228,2022-11-16,106.27999877929688
1229,2022-11-17,106.69000244140624
1230,2022-11-18,106.93000030517578
1231,2022-11-21,107.83999633789062
1232,2022-11-22,107.22000122070312
1233,2022-11-23,106.08000183105467
1234,2022-11-25,105.95999908447266
1235,2022-11-28,106.68000030517578
1236,2022-11-29,106.81999969482422
1237,2022-11-30,105.9499969482422
1238,2022-12-01,104.7300033569336
1239,2022-12-02,104.5500030517578
1240,2022-12-05,105.29000091552734
1241,2022-12-06,105.58000183105467
1242,2022-12-07,105.0999984741211
1243,2022-12-08,104.7699966430664
1244,2022-12-09,104.80999755859376
1245,2022-12-12,105.12999725341795
1246,2022-12-13,103.9800033569336
1247,2022-12-14,103.7699966430664
1248,2022-12-15,104.55999755859376
1249,2022-12-16,104.6999969482422
1250,2022-12-19,104.72000122070312
1251,2022-12-20,103.97000122070312
1252,2022-12-21,104.16000366210938
1253,2022-12-22,104.43000030517578
1254,2022-12-23,104.30999755859376
1255,2022-12-27,104.18000030517578
1256,2022-12-28,104.45999908447266
1257,2022-12-29,103.83999633789062
1258,2022-12-30,103.5199966430664
1259,2023-01-03,104.5199966430664
1260,2023-01-04,104.25
1261,2023-01-05,105.04000091552734
1262,2023-01-06,103.87999725341795
1263,2023-01-09,103.0
1264,2023-01-10,103.23999786376952
1265,2023-01-11,103.19000244140624
1266,2023-01-12,102.25
1267,2023-01-13,102.1999969482422
1268,2023-01-17,102.38999938964844
1269,2023-01-18,102.36000061035156
1270,2023-01-19,102.05999755859376
1271,2023-01-20,102.01000213623048
1272,2023-01-23,102.13999938964844
1273,2023-01-24,101.91999816894533
1274,2023-01-25,101.63999938964844
1275,2023-01-26,101.83999633789062
1276,2023-01-27,101.93000030517578
1277,2023-01-30,102.27999877929688
1278,2023-01-31,102.0999984741211
1279,2023-02-01,101.22000122070312
1280,2023-02-02,101.75
1281,2023-02-03,102.91999816894533
1282,2023-02-06,103.62000274658205
1283,2023-02-07,103.43000030517578
1284,2023-02-08,103.41000366210938
1285,2023-02-09,103.22000122070312
1286,2023-02-10,103.62999725341795
1287,2023-02-13,103.3499984741211
1288,2023-02-14,103.2300033569336
1289,2023-02-15,103.91999816894533
1290,2023-02-16,103.86000061035156
1291,2023-02-17,103.86000061035156
1292,2023-02-21,104.18000030517578
1293,2023-02-22,104.58999633789062
1294,2023-02-23,104.5999984741211
1295,2023-02-24,105.20999908447266
1296,2023-02-27,104.66999816894533
1297,2023-02-28,104.87000274658205
1298,2023-03-01,104.4800033569336
1299,2023-03-02,105.02999877929688
1300,2023-03-03,104.5199966430664
1301,2023-03-06,104.3499984741211
1302,2023-03-07,105.62000274658205
1303,2023-03-08,105.66000366210938
1304,2023-03-09,105.30999755859376
1305,2023-03-10,104.58000183105467
1306,2023-03-13,103.5999984741211
1307,2023-03-14,103.5999984741211
1308,2023-03-15,104.6500015258789
1309,2023-03-16,104.41999816894533
1310,2023-03-17,103.70999908447266
1311,2023-03-20,103.27999877929688
1312,2023-03-21,103.26000213623048
1313,2023-03-22,102.3499984741211
1314,2023-03-23,102.52999877929688
1315,2023-03-24,103.12000274658205
1316,2023-03-27,102.86000061035156
1317,2023-03-28,102.43000030517578
1318,2023-03-29,102.63999938964844
1319,2023-03-30,102.13999938964844
1320,2023-03-31,102.51000213623048
1321,2023-04-03,102.08999633789062
1322,2023-04-04,101.58999633789062
1323,2023-04-05,101.8499984741211
1324,2023-04-06,101.81999969482422
1325,2023-04-10,102.58000183105467
1326,2023-04-11,102.1999969482422
1327,2023-04-12,101.5
1328,2023-04-13,101.01000213623048
1329,2023-04-14,101.5500030517578
1330,2023-04-17,102.0999984741211
1331,2023-04-18,101.75
1332,2023-04-19,101.97000122070312
1333,2023-04-20,101.83999633789062
1334,2023-04-21,101.81999969482422
1335,2023-04-24,101.3499984741211
1336,2023-04-25,101.86000061035156
1337,2023-04-26,101.47000122070312
1338,2023-04-27,101.5
1339,2023-04-28,101.66999816894533
1340,2023-05-01,102.1500015258789
1341,2023-05-02,101.95999908447266
1342,2023-05-03,101.33999633789062
1343,2023-05-04,101.4000015258789
1344,2023-05-05,101.20999908447266
1345,2023-05-08,101.37000274658205
1346,2023-05-09,101.63999938964844
1347,2023-05-10,101.4800033569336
1348,2023-05-11,102.05999755859376
1349,2023-05-12,102.68000030517578
1350,2023-05-15,102.43000030517578
1351,2023-05-16,102.55999755859376
1352,2023-05-17,102.87999725341795
1353,2023-05-18,103.58000183105467
1354,2023-05-19,103.1999969482422
1355,2023-05-22,103.1999969482422
1356,2023-05-23,103.48999786376952
1357,2023-05-24,103.88999938964844
1358,2023-05-25,104.20999908447266
1359,2023-05-26,104.20999908447266
1360,2023-05-30,104.16999816894533
1361,2023-05-31,104.31999969482422
1362,2023-06-01,103.55999755859376
1363,2023-06-02,104.0199966430664
1364,2023-06-05,104.0
1365,2023-06-06,104.12999725341795
1366,2023-06-07,104.0999984741211
1367,2023-06-08,103.33999633789062
1368,2023-06-09,103.55999755859376
1369,2023-06-12,103.62999725341795
1370,2023-06-13,103.33999633789062
1371,2023-06-14,103.01000213623048
1372,2023-06-15,102.12000274658205
1373,2023-06-16,102.3000030517578
1374,2023-06-20,102.54000091552734
1375,2023-06-21,102.06999969482422
1376,2023-06-22,102.38999938964844
1377,2023-06-23,102.9000015258789
1378,2023-06-26,102.69000244140624
1379,2023-06-27,102.48999786376952
1380,2023-06-28,102.91000366210938
1381,2023-06-29,103.33999633789062
1382,2023-06-30,102.91000366210938
1383,2023-07-03,102.98999786376952
1384,2023-07-05,103.37000274658205
1385,2023-07-06,103.16999816894533
1386,2023-07-07,102.2699966430664
1387,2023-07-10,101.97000122070312
1388,2023-07-11,101.7300033569336
1389,2023-07-12,100.5199966430664
1390,2023-07-13,99.7699966430664
1391,2023-07-14,99.91000366210938
1392,2023-07-17,99.83999633789062
1393,2023-07-18,99.94000244140624
1394,2023-07-19,100.27999877929688
1395,2023-07-20,100.87999725341795
1396,2023-07-21,101.06999969482422
1397,2023-07-24,101.3499984741211
1398,2023-07-25,101.3499984741211
1399,2023-07-26,100.88999938964844
1400,2023-07-27,101.7699966430664
1401,2023-07-28,101.62000274658205
1402,2023-07-31,101.86000061035156
1403,2023-08-01,102.3000030517578
1404,2023-08-02,102.58999633789062
1405,2023-08-03,102.54000091552734
1406,2023-08-04,102.0199966430664
1407,2023-08-07,102.0500030517578
1408,2023-08-08,102.52999877929688
1409,2023-08-09,102.48999786376952
1410,2023-08-10,102.5199966430664
1411,2023-08-11,102.83999633789062
1412,2023-08-14,103.19000244140624
1413,2023-08-15,103.20999908447266
1414,2023-08-16,103.41999816894533
1415,2023-08-17,103.44000244140624
1416,2023-08-18,103.37999725341795
1417,2023-08-21,103.33000183105467
1418,2023-08-22,103.55999755859376
1419,2023-08-23,103.36000061035156
1420,2023-08-24,103.9800033569336
1421,2023-08-25,104.08000183105467
1422,2023-08-28,104.05999755859376
1423,2023-08-29,103.5500030517578
1424,2023-08-30,103.16000366210938
1425,2023-08-31,103.62000274658205
1426,2023-09-01,104.23999786376952
1427,2023-09-05,104.80999755859376
1428,2023-09-06,104.86000061035156
1429,2023-09-07,105.05999755859376
1430,2023-09-08,105.08999633789062
1431,2023-09-11,104.56999969482422
1432,2023-09-12,104.70999908447266
1433,2023-09-13,104.7699966430664
1434,2023-09-14,105.41000366210938
1435,2023-09-15,105.31999969482422
1436,2023-09-18,105.1999969482422
1437,2023-09-19,105.1999969482422
1438,2023-09-20,105.16000366210938
1439,2023-09-21,105.36000061035156
1440,2023-09-22,105.58000183105467
1441,2023-09-25,106.0
1442,2023-09-26,106.2300033569336
1443,2023-09-27,106.66999816894533
1444,2023-09-28,106.22000122070312
1445,2023-09-29,106.16999816894533
1446,2023-10-02,106.9000015258789
1447,2023-10-03,107.0
1448,2023-10-04,106.8000030517578
1449,2023-10-05,106.33000183105467
1450,2023-10-06,106.04000091552734
1451,2023-10-09,106.08000183105467
1452,2023-10-10,105.83000183105467
1453,2023-10-11,105.81999969482422
1454,2023-10-12,106.56999969482422
1455,2023-10-13,106.6500015258789
1456,2023-10-16,106.23999786376952
1457,2023-10-17,106.25
1458,2023-10-18,106.56999969482422
1459,2023-10-19,106.25
1460,2023-10-20,106.16000366210938
1461,2023-10-23,105.54000091552734
1462,2023-10-24,106.2699966430664
1463,2023-10-25,106.52999877929688
1464,2023-10-26,106.5999984741211
1465,2023-10-27,106.55999755859376
1466,2023-10-30,106.12000274658205
1467,2023-10-31,106.66000366210938
1468,2023-11-01,106.87999725341795
1469,2023-11-02,106.12000274658205
1470,2023-11-03,105.0199966430664
1471,2023-11-06,105.22000122070312
1472,2023-11-07,105.54000091552734
1473,2023-11-08,105.58999633789062
1474,2023-11-09,105.91000366210938
1475,2023-11-10,105.86000061035156
1476,2023-11-13,105.66000366210938
1477,2023-11-14,104.11000061035156
1478,2023-11-15,104.38999938964844
1479,2023-11-16,104.37000274658205
1480,2023-11-17,103.81999969482422
1481,2023-11-20,103.47000122070312
1482,2023-11-21,103.58999633789062
1483,2023-11-22,103.91999816894533
1484,2023-11-24,103.4000015258789
1485,2023-11-27,103.1999969482422
1486,2023-11-28,102.75
1487,2023-11-29,102.7699966430664
1488,2023-11-30,103.5
1489,2023-12-01,103.2699966430664
1490,2023-12-04,103.63999938964844
1491,2023-12-05,104.0500030517578
1492,2023-12-06,104.1500015258789
1493,2023-12-07,103.54000091552734
1494,2023-12-08,104.01000213623048
1495,2023-12-11,104.0999984741211
1496,2023-12-12,103.87000274658205
1497,2023-12-13,102.87000274658205
1498,2023-12-14,101.95999908447266
1499,2023-12-15,102.5500030517578
1500,2023-12-18,102.51000213623048
1501,2023-12-19,102.16999816894533
1502,2023-12-20,102.41000366210938
1503,2023-12-21,101.83999633789062
1504,2023-12-22,101.6999969482422
1505,2023-12-26,101.47000122070312
1506,2023-12-27,100.98999786376952
1507,2023-12-28,101.2300033569336
1508,2023-12-29,101.33000183105467
1509,2024-01-02,102.1999969482422
1510,2024-01-03,102.45999908447266
1511,2024-01-04,102.41999816894533
1512,2024-01-05,102.41000366210938
1513,2024-01-08,102.20999908447266
1514,2024-01-09,102.56999969482422
1515,2024-01-10,102.36000061035156
1516,2024-01-11,102.29000091552734
1517,2024-01-12,102.4000015258789
1518,2024-01-16,103.36000061035156
1519,2024-01-17,103.4499969482422
1520,2024-01-18,103.54000091552734
1521,2024-01-19,103.29000091552734
1522,2024-01-22,103.33000183105467
1523,2024-01-23,103.62000274658205
1524,2024-01-24,103.23999786376952
1525,2024-01-25,103.56999969482422
1526,2024-01-26,103.47000122070312
1527,2024-01-29,103.61000061035156
1528,2024-01-30,103.4000015258789
1529,2024-01-31,103.2699966430664
1530,2024-02-01,103.0500030517578
1531,2024-02-02,103.91999816894533
1532,2024-02-05,104.4499969482422
1533,2024-02-06,104.18000030517578
1534,2024-02-07,104.04000091552734
1535,2024-02-08,104.1500015258789
1536,2024-02-09,104.08000183105467
1537,2024-02-12,104.16999816894533
1538,2024-02-13,104.95999908447266
1539,2024-02-14,104.72000122070312
1540,2024-02-15,104.3000030517578
1541,2024-02-16,104.27999877929688
1542,2024-02-20,104.08000183105467
1543,2024-02-21,104.01000213623048
1544,2024-02-22,103.95999908447266
1545,2024-02-23,103.94000244140624
1546,2024-02-26,103.83000183105467
1547,2024-02-27,103.83000183105467
1548,2024-02-28,103.9800033569336
1549,2024-02-29,104.16000366210938
1550,2024-03-01,103.86000061035156
1551,2024-03-04,103.83000183105467
1552,2024-03-05,103.8000030517578
1553,2024-03-06,103.37000274658205
1554,2024-03-07,102.81999969482422
1555,2024-03-08,102.73999786376952
1556,2024-03-11,102.87000274658205
1557,2024-03-12,102.95999908447266
1558,2024-03-13,102.79000091552734
1559,2024-03-14,103.36000061035156
1560,2024-03-15,103.43000030517578
1561,2024-03-18,103.58000183105467
1562,2024-03-19,103.80999755859376
1563,2024-03-20,103.41000366210938
1564,2024-03-21,104.0
1565,2024-03-22,104.43000030517578
1566,2024-03-25,104.2300033569336
1567,2024-03-26,104.29000091552734
1568,2024-03-27,104.3499984741211
1569,2024-03-28,104.5500030517578
1570,2024-04-01,105.0199966430664
1571,2024-04-02,104.81999969482422
1572,2024-04-03,104.25
1573,2024-04-04,104.12000274658205
1574,2024-04-05,104.3000030517578
1575,2024-04-08,104.13999938964844
1576,2024-04-09,104.1500015258789
1577,2024-04-10,105.25
1578,2024-04-11,105.27999877929688
1579,2024-04-12,106.04000091552734
1580,2024-04-15,106.20999908447266
1581,2024-04-16,106.26000213623048
1582,2024-04-17,105.9499969482422
1583,2024-04-18,106.1500015258789
1584,2024-04-19,106.1500015258789
1585,2024-04-22,106.08000183105467
1586,2024-04-23,105.69000244140624
1587,2024-04-24,105.86000061035156
1588,2024-04-25,105.5999984741211
1589,2024-04-26,105.94000244140624
1590,2024-04-29,105.58000183105467
1591,2024-04-30,106.22000122070312
1592,2024-05-01,105.76000213623048
1593,2024-05-02,105.3000030517578
1594,2024-05-03,105.02999877929688
1595,2024-05-06,105.0500030517578
1596,2024-05-07,105.41000366210938
1597,2024-05-08,105.5500030517578
1598,2024-05-09,105.2300033569336
1599,2024-05-10,105.30999755859376
1600,2024-05-13,105.22000122070312
1601,2024-05-14,105.01000213623048
1602,2024-05-15,104.3499984741211
1603,2024-05-16,104.45999908447266
1604,2024-05-17,104.4499969482422
1605,2024-05-20,104.56999969482422
1606,2024-05-21,104.66000366210938
1607,2024-05-22,104.94000244140624
1608,2024-05-23,105.11000061035156
1609,2024-05-24,104.72000122070312
1610,2024-05-28,104.61000061035156
1611,2024-05-29,105.0999984741211
1612,2024-05-30,104.72000122070312
1613,2024-05-31,104.66999816894533
1614,2024-06-03,104.13999938964844
1615,2024-06-04,104.11000061035156
1616,2024-06-05,104.2699966430664
1617,2024-06-06,104.0999984741211
1618,2024-06-07,104.88999938964844
1619,2024-06-10,105.1500015258789
1620,2024-06-11,105.2300033569336
1621,2024-06-12,104.6500015258789
1622,2024-06-13,105.1999969482422
1623,2024-06-14,105.5500030517578
1624,2024-06-17,105.31999969482422
1625,2024-06-18,105.26000213623048
1626,2024-06-20,105.58999633789062
1627,2024-06-21,105.8000030517578
1628,2024-06-24,105.47000122070312
1629,2024-06-25,105.61000061035156
1630,2024-06-26,106.0500030517578
1631,2024-06-27,105.91000366210938
1632,2024-06-28,105.87000274658205
1633,2024-07-01,105.9000015258789
1634,2024-07-02,105.72000122070312
1635,2024-07-03,105.4000015258789
1636,2024-07-05,104.87999725341795
1637,2024-07-08,105.01000213623048
1638,2024-07-09,105.12000274658205
1639,2024-07-10,105.0500030517578
1640,2024-07-11,104.44000244140624
1641,2024-07-12,104.08999633789062
1642,2024-07-15,104.19000244140624
1643,2024-07-16,104.2699966430664
1644,2024-07-17,103.75
1645,2024-07-18,104.16999816894533
1646,2024-07-19,104.4000015258789
1647,2024-07-22,104.30999755859376
1648,2024-07-23,104.4499969482422
1649,2024-07-24,104.38999938964844
1650,2024-07-25,104.36000061035156
1651,2024-07-26,104.31999969482422
1652,2024-07-29,104.55999755859376
1653,2024-07-30,104.5500030517578
1654,2024-07-31,104.0999984741211
1655,2024-08-01,104.41999816894533
1656,2024-08-02,103.20999908447266
1657,2024-08-05,102.69000244140624
1658,2024-08-06,102.97000122070312
1659,2024-08-07,103.1999969482422
1660,2024-08-08,103.20999908447266
1661,2024-08-09,103.13999938964844
1662,2024-08-12,103.13999938964844
1663,2024-08-13,102.55999755859376
1664,2024-08-14,102.56999969482422
1665,2024-08-15,102.9800033569336
1666,2024-08-16,102.45999908447266
1667,2024-08-19,101.88999938964844
1668,2024-08-20,101.44000244140624
1669,2024-08-21,101.04000091552734
1670,2024-08-22,101.51000213623048
1671,2024-08-23,100.72000122070312
1672,2024-08-26,100.8499984741211
1673,2024-08-27,100.5500030517578
1674,2024-08-28,101.08999633789062
1675,2024-08-29,101.33999633789062
1676,2024-08-30,101.6999969482422
1677,2024-09-03,101.83000183105467
1678,2024-09-04,101.36000061035156
1679,2024-09-05,101.11000061035156
1680,2024-09-06,101.18000030517578
1681,2024-09-09,101.5500030517578
1682,2024-09-10,101.62999725341795
1683,2024-09-11,101.68000030517578
1684,2024-09-12,101.37000274658205
1685,2024-09-13,101.11000061035156
1686,2024-09-16,100.76000213623048
1687,2024-09-17,100.88999938964844
1688,2024-09-18,100.5999984741211
1689,2024-09-19,100.61000061035156
1690,2024-09-20,100.72000122070312
1691,2024-09-23,100.91999816894533
1692,2024-09-24,100.37000274658205
1693,2024-09-25,100.91999816894533
1694,2024-09-26,100.55999755859376
1695,2024-09-27,100.41999816894533
1696,2024-09-30,100.77999877929688
1697,2024-10-01,101.19000244140624
1698,2024-10-02,101.68000030517578
1699,2024-10-03,101.98999786376952
1700,2024-10-04,102.5199966430664
1701,2024-10-07,102.54000091552734
1702,2024-10-08,102.5500030517578
1703,2024-10-09,102.93000030517578
1704,2024-10-10,102.98999786376952
1705,2024-10-11,102.88999938964844
1706,2024-10-14,103.3000030517578
1707,2024-10-15,103.26000213623048
1708,2024-10-16,103.58999633789062
1709,2024-10-17,103.83000183105467
1710,2024-10-18,103.48999786376952
1711,2024-10-21,104.01000213623048
1712,2024-10-22,104.08000183105467
1713,2024-10-23,104.43000030517578
1714,2024-10-24,104.05999755859376
1715,2024-10-25,104.26000213623048
1716,2024-10-28,104.31999969482422
1717,2024-10-29,104.27999877929688
1718,2024-10-30,103.98999786376952
1719,2024-10-31,103.9800033569336
1720,2024-11-01,104.27999877929688
1721,2024-11-04,103.88999938964844
1722,2024-11-05,103.41999816894533
1723,2024-11-06,105.08999633789062
1724,2024-11-07,104.51000213623048
1725,2024-11-08,105.0
1726,2024-11-11,105.54000091552734
1727,2024-11-12,106.0199966430664
1728,2024-11-13,106.4800033569336
1729,2024-11-14,106.66999816894533
1730,2024-11-15,106.69000244140624
1731,2024-11-18,106.27999877929688
1732,2024-11-19,106.20999908447266
1733,2024-11-20,106.68000030517578
1734,2024-11-21,106.97000122070312
1735,2024-11-22,107.48999786376952
1736,2024-11-25,106.81999969482422
1737,2024-11-26,107.01000213623048
1738,2024-11-27,106.08000183105467
1739,2024-11-29,105.73999786376952
1740,2024-12-02,106.4499969482422
1741,2024-12-03,106.37000274658205
1742,2024-12-04,106.33999633789062
1743,2024-12-05,105.70999908447266
1744,2024-12-06,105.97000122070312
1745,2024-12-09,106.1500015258789
1746,2024-12-10,106.4000015258789
1747,2024-12-11,106.70999908447266
1748,2024-12-12,106.95999908447266
1749,2024-12-13,107.0
1750,2024-12-16,106.86000061035156
1751,2024-12-17,106.95999908447266
1752,2024-12-18,108.02999877929688
1753,2024-12-19,108.41000366210938
1754,2024-12-20,107.62000274658205
1755,2024-12-23,108.04000091552734
1756,2024-12-24,108.26000213623048
1757,2024-12-26,108.12999725341795
1758,2024-12-27,108.0
1759,2024-12-30,108.12999725341795
1760,2024-12-31,108.48999786376952
1761,2025-01-02,109.38999938964844
1762,2025-01-03,108.9499969482422
1763,2025-01-06,108.26000213623048
1764,2025-01-07,108.54000091552734
1765,2025-01-08,109.08999633789062
1766,2025-01-09,109.18000030517578
1767,2025-01-10,109.6500015258789
1768,2025-01-13,109.95999908447266
1769,2025-01-14,109.2699966430664
1770,2025-01-15,109.08999633789062
1771,2025-01-16,108.95999908447266
1772,2025-01-17,109.3499984741211
1773,2025-01-21,108.05999755859376
1774,2025-01-22,108.16999816894533
1775,2025-01-23,108.0500030517578
1776,2025-01-24,107.44000244140624
1777,2025-01-27,107.33999633789062
1778,2025-01-28,107.87000274658205
1779,2025-01-29,108.0
1780,2025-01-30,107.8000030517578
1781,2025-01-31,108.37000274658205
1782,2025-02-03,108.98999786376952
1783,2025-02-04,107.95999908447266
1784,2025-02-05,107.58000183105467
1785,2025-02-06,107.69000244140624
1786,2025-02-07,108.04000091552734
1787,2025-02-10,108.31999969482422
1788,2025-02-11,107.95999908447266
1789,2025-02-12,107.94000244140624
1790,2025-02-13,107.30999755859376
1791,2025-02-14,106.56999969482422
1792,2025-02-18,107.0500030517578
1793,2025-02-19,107.16999816894533
1794,2025-02-20,106.33999633789062
1795,2025-02-21,106.61000061035156
1796,2025-02-24,106.5999984741211
1797,2025-02-25,106.30999755859376
1798,2025-02-26,106.41999816894533
1799,2025-02-27,107.23999786376952
1800,2025-02-28,107.61000061035156
1801,2025-03-03,106.75
1802,2025-03-04,105.73999786376952
1803,2025-03-05,105.73999786376952
1804,2025-03-06,104.05999755859376
1805,2025-03-07,103.83999633789062
1806,2025-03-10,103.91000366210938
1807,2025-03-11,103.44000244140624
1808,2025-03-12,103.61000061035156
1809,2025-03-13,103.83000183105467
1810,2025-03-14,103.72000122070312
1811,2025-03-17,103.37000274658205
1812,2025-03-18,103.23999786376952
1813,2025-03-19,103.43000030517578
1814,2025-03-20,103.8499984741211
1815,2025-03-21,104.08999633789062
1816,2025-03-24,104.26000213623048
1817,2025-03-25,104.18000030517578
1818,2025-03-26,104.5500030517578
1819,2025-03-27,104.06999969482422
1820,2025-03-28,104.04000091552734
1821,2025-03-31,104.20999908447266
1822,2025-04-01,104.26000213623048
1823,2025-04-02,103.80999755859376
1824,2025-04-03,102.06999969482422
1825,2025-04-04,103.0199966430664
1826,2025-04-07,103.26000213623048
1827,2025-04-08,102.95999908447266
1828,2025-04-09,102.9000015258789
1829,2025-04-10,100.87000274658205
1830,2025-04-11,99.77999877929688
1831,2025-04-14,99.63999938964844
1832,2025-04-15,100.22000122070312
1833,2025-04-16,99.37999725341795
1834,2025-04-17,99.37999725341795
1835,2025-04-21,98.27999877929688
1836,2025-04-22,98.91999816894533
1837,2025-04-23,99.83999633789062
1838,2025-04-24,99.29000091552734
1839,2025-04-25,99.47000122070312
1840,2025-04-28,99.01000213623048
1841,2025-04-29,99.23999786376952
1842,2025-04-30,99.47000122070312
1843,2025-05-01,100.25
1844,2025-05-02,100.0
1845,2025-05-05,99.83000183105467
1846,2025-05-06,99.23999786376952
1847,2025-05-07,99.61000061035156
1848,2025-05-08,100.63999938964844
1849,2025-05-09,100.33999633789062
1850,2025-05-12,101.79000091552734
1851,2025-05-13,101.0
1852,2025-05-14,101.04000091552734
1853,2025-05-15,100.87999725341795
1854,2025-05-16,101.08999633789062
1855,2025-05-19,100.43000030517578
1856,2025-05-20,100.12000274658205
1857,2025-05-21,99.55999755859376
1858,2025-05-22,99.95999908447266
1859,2025-05-23,99.11000061035156
1860,2025-05-26,98.93000030517578
1861,2025-05-27,99.5199966430664
1862,2025-05-28,99.87999725341795
1863,2025-05-29,99.27999877929688
1864,2025-05-30,99.33000183105467
1865,2025-06-02,98.6999969482422
1866,2025-06-03,99.25
1867,2025-06-04,98.79000091552734
1868,2025-06-05,98.73999786376952
1869,2025-06-06,99.19000244140624
1870,2025-06-09,98.94000244140624
1871,2025-06-10,99.0500030517578
1872,2025-06-11,98.62999725341795
1873,2025-06-12,97.91999816894533
1874,2025-06-13,98.18000030517578
1875,2025-06-16,98.0
1876,2025-06-17,98.81999969482422
1877,2025-06-18,98.91000366210938
1878,2025-06-20,98.70999908447266
1879,2025-06-23,98.41999816894533
1880,2025-06-24,97.86000061035156
1881,2025-06-25,97.68000030517578
1882,2025-06-26,97.1500015258789
1883,2025-06-27,97.4000015258789
1884,2025-06-30,96.87999725341795
1885,2025-07-01,96.81999969482422
1886,2025-07-02,96.77999877929688
1887,2025-07-03,97.18000030517578
1888,2025-07-07,97.4800033569336
1889,2025-07-08,97.51000213623048
1890,2025-07-09,97.47000122070312
1891,2025-07-10,97.6500015258789
1892,2025-07-11,97.8499984741211
1893,2025-07-14,98.08000183105467
1894,2025-07-15,98.62000274658205
1895,2025-07-16,98.38999938964844
1896,2025-07-17,98.7300033569336
1897,2025-07-18,98.4800033569336
1898,2025-07-21,97.8499984741211
1899,2025-07-22,97.38999938964844
1900,2025-07-23,97.20999908447266
1901,2025-07-24,97.37999725341795
1902,2025-07-25,97.6500015258789
1903,2025-07-28,98.66000366210938
1904,2025-07-29,98.91000366210938
1905,2025-07-30,99.94000244140624
1906,2025-07-31,100.02999877929688
1907,2025-08-01,98.69000244140624
1908,2025-08-04,98.77999877929688
1909,2025-08-05,98.77999877929688
1910,2025-08-06,98.18000030517578
1911,2025-08-07,98.4000015258789
1912,2025-08-08,98.18000030517578
1913,2025-08-11,98.5199966430664
1914,2025-08-12,98.0999984741211
1915,2025-08-13,97.83999633789062
1916,2025-08-14,98.25
1917,2025-08-15,97.8499984741211
1918,2025-08-18,98.16999816894533
1919,2025-08-19,98.2699966430664
1920,2025-08-20,98.22000122070312
1921,2025-08-21,98.62000274658205
1922,2025-08-22,97.72000122070312
1923,2025-08-25,98.43000030517578
1924,2025-08-26,98.2300033569336
1925,2025-08-27,98.2300033569336
1926,2025-08-28,97.80999755859376
1927,2025-08-29,97.7699966430664
1928,2025-09-02,98.4000015258789
1929,2025-09-03,98.13999938964844
1930,2025-09-04,98.3499984741211
1931,2025-09-05,97.7699966430664
1932,2025-09-08,97.4499969482422
1933,2025-09-09,97.79000091552734
1934,2025-09-10,97.77999877929688
1935,2025-09-11,97.54000091552734
1936,2025-09-12,97.5500030517578
1937,2025-09-15,97.3000030517578
1938,2025-09-16,96.62999725341795
1939,2025-09-17,96.87000274658205
1940,2025-09-18,97.3499984741211
1941,2025-09-19,97.63999938964844
1942,2025-09-22,97.33000183105467
1943,2025-09-23,97.26000213623048
1944,2025-09-24,97.87000274658205
1945,2025-09-25,98.5500030517578
1946,2025-09-26,98.1500015258789
1947,2025-09-29,97.91000366210938
1948,2025-09-30,97.7699966430664
1949,2025-10-01,97.70999908447266
1950,2025-10-02,97.8499984741211
1951,2025-10-03,97.72000122070312
1952,2025-10-06,98.11000061035156
1953,2025-10-07,98.58000183105467
1954,2025-10-08,98.8499984741211
1955,2025-10-09,99.54000091552734
1956,2025-10-10,98.9800033569336
1957,2025-10-13,99.2699966430664
1958,2025-10-14,99.0500030517578
1959,2025-10-15,98.79000091552734
1960,2025-10-16,98.38999938964844
1961,2025-10-17,98.43000030517578
1962,2025-10-20,98.58999633789062
1963,2025-10-21,98.93000030517578
1964,2025-10-22,98.9000015258789
1965,2025-10-23,98.94000244140624
1966,2025-10-24,98.9499969482422
1967,2025-10-27,98.77999877929688
1968,2025-10-28,98.69000244140624
1969,2025-10-29,99.22000122070312
1970,2025-10-30,99.52999877929688
1971,2025-10-31,99.8000030517578
1972,2025-11-03,99.87000274658205
1973,2025-11-04,100.22000122070312
1974,2025-11-05,100.1999969482422
1975,2025-11-06,99.7300033569336
1976,2025-11-07,99.5999984741211
1977,2025-11-10,99.62000274658205
1978,2025-11-11,99.45999908447266
1979,2025-11-12,99.4800033569336
1980,2025-11-13,99.18000030517578
1981,2025-11-14,99.2699966430664
1982,2025-11-17,99.58999633789062
1983,2025-11-18,99.5500030517578
1984,2025-11-19,100.2300033569336
1985,2025-11-20,100.16000366210938
1986,2025-11-21,100.18000030517578
1987,2025-11-24,100.13999938964844
1988,2025-11-25,99.66000366210938
1989,2025-11-26,99.5999984741211
1990,2025-11-28,99.45999908447266
1991,2025-12-01,99.41000366210938
1992,2025-12-02,99.36000061035156
1993,2025-12-03,98.8499984741211
1994,2025-12-04,98.98999786376952
1995,2025-12-05,98.98999786376952
1996,2025-12-08,99.08999633789062
1997,2025-12-09,99.22000122070312
1998,2025-12-10,98.79000091552734
1999,2025-12-11,98.3499984741211
2000,2025-12-12,98.4000015258789
2001,2025-12-15,98.1500015258789
2002,2025-12-16,98.1500015258789
2003,2025-12-17,98.37000274658205
2004,2025-12-18,98.43000030517578
2005,2025-12-19,98.5999984741211
2006,2025-12-22,98.29000091552734
2007,2025-12-23,97.94000244140624
2008,2025-12-24,97.9800033569336
2009,2025-12-26,98.0199966430664
2010,2025-12-29,98.04000091552734
2011,2025-12-30,98.23999786376952
2012,2025-12-31,98.27999877929688
2013,2026-01-02,98.41999816894533
2014,2026-01-05,98.2699966430664
2015,2026-01-06,98.58000183105467
2016,2026-01-07,98.68000030517578
2017,2026-01-08,98.93000030517578
2018,2026-01-09,99.12999725341795
2019,2026-01-12,98.86000061035156
2020,2026-01-13,99.12999725341795
2021,2026-01-14,99.12999725341795
2022,2026-01-15,99.31999969482422
2023,2026-01-16,99.38999938964844
2024,2026-01-20,98.63999938964844
2025,2026-01-21,98.76000213623048
2026,2026-01-22,98.36000061035156
2027,2026-01-23,97.5999984741211
2028,2026-01-26,97.04000091552734
2029,2026-01-27,96.22000122070312
2030,2026-01-28,96.4499969482422
2031,2026-01-29,96.27999877929688
2032,2026-01-30,96.98999786376952
2033,2026-02-02,97.61000061035156
2034,2026-02-03,97.44000244140624
2035,2026-02-04,97.62000274658205
2036,2026-02-05,97.81999969482422
2037,2026-02-06,97.62999725341795
2038,2026-02-09,96.81999969482422
2039,2026-02-10,96.8000030517578
2040,2026-02-11,96.83000183105467
2041,2026-02-12,96.93000030517578
2042,2026-02-13,96.87999725341795
2043,2026-02-17,97.16000366210938
2044,2026-02-18,97.6999969482422
2045,2026-02-19,97.93000030517578
2046,2026-02-20,97.8000030517578
2047,2026-02-23,97.6999969482422
2048,2026-02-24,97.87999725341795
2049,2026-02-25,97.6999969482422
2050,2026-02-26,97.79000091552734
2051,2026-02-27,97.61000061035156
2052,2026-03-02,98.37999725341795
2053,2026-03-03,99.0500030517578
2054,2026-03-04,98.7699966430664
2055,2026-03-05,99.31999969482422
2056,2026-03-06,98.98999786376952
2057,2026-03-09,99.18000030517578
2058,2026-03-10,98.83000183105467
2059,2026-03-11,99.2300033569336
2060,2026-03-12,99.73999786376952
2061,2026-03-13,100.36000061035156
2062,2026-03-16,99.70999908447266
2063,2026-03-17,99.58000183105467
2064,2026-03-18,100.08999633789062
2065,2026-03-19,99.2300033569336
2066,2026-03-20,99.6500015258789
2067,2026-03-23,98.9499969482422
2068,2026-03-24,99.43000030517578
2069,2026-03-25,99.5999984741211
2070,2026-03-26,99.9000015258789
2071,2026-03-27,100.1500015258789
2072,2026-03-30,100.51000213623048
2073,2026-03-31,99.95999908447266
2074,2026-04-01,99.6500015258789
2075,2026-04-02,100.02999877929688
2076,2026-04-06,99.9800033569336
2077,2026-04-07,99.63999938964844
2078,2026-04-08,99.12999725341795
2079,2026-04-09,98.81999969482422
2080,2026-04-10,98.6500015258789
2081,2026-04-13,98.37000274658205
2082,2026-04-14,98.12000274658205
2083,2026-04-15,98.05999755859376
2084,2026-04-16,98.22000122070312
2085,2026-04-17,98.0999984741211
2086,2026-04-20,98.0500030517578
2087,2026-04-21,98.41000366210938
2088,2026-04-22,98.58999633789062
2089,2026-04-23,98.8000030517578
2090,2026-04-24,98.51000213623048
2091,2026-04-27,98.4800033569336
2092,2026-04-28,98.62000274658205
2093,2026-04-29,98.91999816894533
2094,2026-04-30,98.08000183105467
2095,2026-05-01,98.20999908447266
2096,2026-05-04,98.47000122070312
2097,2026-05-05,98.4800033569336
2098,2026-05-06,98.0199966430664
2099,2026-05-07,98.25
2100,2026-05-08,97.83999633789062
2101,2026-05-11,97.94000244140624
2102,2026-05-12,98.29000091552734
2103,2026-05-13,98.4800033569336
2104,2026-05-14,98.87999725341795
2105,2026-05-15,99.2699966430664
2106,2026-05-18,98.97000122070312
2107,2026-05-19,99.3000030517578
2108,2026-05-20,99.11000061035156
2109,2026-05-21,99.19000244140624
2110,2026-05-22,99.31999969482422
2111,2026-05-26,99.16999816894533
2112,2026-05-27,99.20999908447266
2113,2026-05-28,99.0199966430664
2114,2026-05-29,98.91000366210938
2115,2026-06-01,99.1999969482422
2116,2026-06-02,99.22000122070312
2117,2026-06-03,99.52999877929688
2118,2026-06-04,99.41000366210938
2119,2026-06-05,100.06999969482422
2120,2026-06-08,100.0500030517578
2121,2026-06-09,99.91000366210938
2122,2026-06-10,99.9499969482422
2123,2026-06-11,99.86000061035156
2124,2026-06-12,99.75
2125,2026-06-15,99.62999725341795
2126,2026-06-16,99.54000091552734
2127,2026-06-17,100.08999633789062
2128,2026-06-18,100.8499984741211
2129,2026-06-22,101.0199966430664
2130,2026-06-23,101.41000366210938
2131,2026-06-24,101.61000061035156
2132,2026-06-25,101.43000030517578
2133,2026-06-26,101.36000061035156
2134,2026-06-29,101.11000061035156
2135,2026-06-30,101.19000244140624
2136,2026-07-01,101.38999938964844
2137,2026-07-02,100.86000061035156
2138,2026-07-06,100.8499984741211
2139,2026-07-07,101.13999938964844
2140,2026-07-08,101.0500030517578
2141,2026-07-09,100.94000244140624
2142,2026-07-10,100.97000122070312
2143,2026-07-13,101.27999877929688
2144,2026-07-14,100.94000244140624
2145,2026-07-15,100.5
2146,2026-07-16,100.7300033569336
2147,2026-07-17,100.75
2148,2026-07-20,100.98999786376952
2149,2026-07-21,101.18000030517578
2150,2026-07-22,101.13999938964844
2151,2026-07-23,101.43000030517578
2152,2026-07-24,101.47000122070312
2153,2026-07-27,101.51000213623048
2154,2026-07-28,101.37999725341795
2155,2026-07-29,100.8000030517578
2156,2026-07-30,100.01000213623048
2157,2026-07-31,99.8000030517578
2158,2026-08-03,99.95999908447266
2159,2026-08-04,99.88999938964844
2160,2026-08-05,99.69000244140624
2161,2026-08-06,99.97000122070312
2162,2026-08-07,99.5999984741211
2163,2026-08-10,99.80999755859376
2164,2026-08-11,99.81999969482422
2165,2026-08-12,100.01000213623048
2166,2026-08-13,99.95999908447266
2167,2026-08-14,99.66999816894533
2168,2026-08-17,99.63999938964844
2169,2026-08-18,99.6500015258789
2170,2026-08-19,98.83000183105467
2171,2026-08-20,98.9000015258789
2172,2026-08-21,98.8000030517578
